Feature,Mean |SHAP|
humidity,0.03469088906692262
K,0.027449251557388334
rainfall,0.025116069301115394
N,0.02454426040601082
P,0.023062011550689005
temperature,0.009944841026562325
ph,0.005151764403478066
