Feature,Mean |SHAP|
Nitrogen,0.1410667443223214
Phosphorous,0.09352085427672777
Potassium,0.044637102781773595
Moisture,0.002772262407605665
Crop Type,0.00045031089574859253
Temparature,0.00037319018706409004
Humidity,0.0
Soil Type,0.0
